{"stats":{"minecraft:killed":{"minecraft:skeleton":1,"minecraft:spider":6,"minecraft:cow":4},"minecraft:dropped":{"minecraft:glass_bottle":2},"minecraft:used":{"minecraft:cooked_mutton":2,"minecraft:diorite":1,"minecraft:stone_sword":37,"minecraft:iron_shovel":18,"minecraft:stone_pickaxe":55,"minecraft:oak_planks":22,"minecraft:wooden_pickaxe":9,"minecraft:rotten_flesh":1,"minecraft:torch":5,"minecraft:stone_axe":3,"minecraft:cobblestone":26,"minecraft:dirt":12,"minecraft:potion":1,"minecraft:tnt":1,"minecraft:crafting_table":3,"minecraft:cooked_beef":6},"minecraft:crafted":{"minecraft:cooked_beef":9,"minecraft:oak_planks":100,"sophisticatedbackpacks:backpack":1,"minecraft:crafting_table":1,"minecraft:stick":8,"minecraft:wooden_pickaxe":1,"minecraft:stone_pickaxe":1,"minecraft:stone_sword":1,"minecraft:chest":1,"minecraft:torch":20,"minecraft:stone_axe":1,"minecraft:air":0},"minecraft:custom":{"minecraft:time_since_rest":524,"minecraft:interact_with_furnace":9,"minecraft:sprint_one_cm":108927,"minecraft:damage_taken":1367,"minecraft:walk_one_cm":86115,"minecraft:mob_kills":11,"minecraft:drop":2,"minecraft:damage_dealt":1635,"minecraft:interact_with_crafting_table":8,"minecraft:fly_one_cm":47355,"minecraft:open_chest":4,"minecraft:crouch_one_cm":1638,"minecraft:play_time":27917,"minecraft:deaths":3,"minecraft:sneak_time":496,"minecraft:walk_under_water_one_cm":681,"minecraft:jump":381,"minecraft:eat_cake_slice":5,"minecraft:leave_game":2,"minecraft:walk_on_water_one_cm":2195,"minecraft:time_since_death":496,"minecraft:climb_one_cm":1893,"minecraft:total_world_time":27917,"minecraft:fall_one_cm":17503},"minecraft:picked_up":{"minecraft:raw_iron":1,"minecraft:stick":4,"minecraft:crafting_table":2,"minecraft:feather":2,"minecraft:jukebox":1,"minecraft:leather":8,"minecraft:potion":1,"minecraft:oak_log":5,"minecraft:diorite":1,"minecraft:rotten_flesh":2,"minecraft:string":4,"minecraft:spider_eye":1,"minecraft:dirt":19,"minecraft:cooked_mutton":2,"minecraft:iron_shovel":1,"minecraft:beef":9,"minecraft:glass_bottle":1,"minecraft:oak_sapling":2,"minecraft:iron_bars":2,"minecraft:coal":20,"minecraft:cobblestone":39},"minecraft:killed_by":{"minecraft:cave_spider":1,"minecraft:stray":1,"minecraft:spider":1},"minecraft:mined":{"minecraft:iron_ore":1,"minecraft:jukebox":1,"minecraft:tnt":1,"treechop:chopped_log":1,"minecraft:crafting_table":2,"gravestone:gravestone":3,"minecraft:grass_block":3,"minecraft:coal_ore":20,"minecraft:vine":1,"minecraft:iron_bars":2,"minecraft:dirt":16,"minecraft:stone":39,"minecraft:diorite":1,"minecraft:oak_leaves":1}},"DataVersion":3465}