{"stats":{"minecraft:used":{"minecraft:dirt":1},"minecraft:mined":{"minecraft:grass_block":1},"minecraft:custom":{"minecraft:jump":55,"minecraft:time_since_rest":1431,"minecraft:leave_game":1,"minecraft:play_time":1431,"minecraft:sprint_one_cm":6823,"minecraft:damage_taken":40,"minecraft:time_since_death":1431,"minecraft:walk_one_cm":1683,"minecraft:sneak_time":11,"minecraft:total_world_time":1431,"minecraft:fall_one_cm":3014,"minecraft:fly_one_cm":13349},"minecraft:picked_up":{"minecraft:dirt":1}},"DataVersion":3465}