{"stats":{"minecraft:picked_up":{"minecraft:mud":1,"minecraft:mangrove_log":5},"minecraft:crafted":{"minecraft:wooden_shovel":1,"minecraft:mangrove_planks":20,"minecraft:crafting_table":1,"minecraft:stick":4,"minecraft:wooden_pickaxe":1},"minecraft:custom":{"minecraft:time_since_rest":5416,"minecraft:crouch_one_cm":220,"minecraft:play_time":5416,"minecraft:sprint_one_cm":7287,"minecraft:damage_taken":40,"minecraft:walk_one_cm":3301,"minecraft:sneak_time":63,"minecraft:jump":57,"minecraft:time_since_death":5416,"minecraft:total_world_time":5416,"minecraft:fly_one_cm":10837,"minecraft:interact_with_crafting_table":2,"minecraft:fall_one_cm":1517},"minecraft:used":{"minecraft:crafting_table":1,"alexsmobs:animal_dictionary":1,"minecraft:wooden_pickaxe":2},"minecraft:mined":{"minecraft:mud":1,"minecraft:mangrove_log":5}},"DataVersion":3465}