{"stats":{"minecraft:killed":{"minecraft:spider":2,"minecraft:cow":4},"minecraft:used":{"minecraft:cooked_mutton":2,"minecraft:stone_sword":20,"minecraft:iron_shovel":18,"minecraft:stone_pickaxe":22,"minecraft:wooden_pickaxe":9,"minecraft:torch":2,"minecraft:stone_axe":1,"minecraft:dirt":10,"minecraft:crafting_table":1,"minecraft:cooked_beef":2},"minecraft:crafted":{"minecraft:cooked_beef":9,"minecraft:oak_planks":20,"minecraft:crafting_table":1,"minecraft:stick":4,"minecraft:wooden_pickaxe":1,"minecraft:stone_pickaxe":1,"minecraft:stone_sword":1,"minecraft:torch":4,"minecraft:stone_axe":1,"minecraft:air":0},"minecraft:custom":{"minecraft:time_since_rest":15917,"minecraft:interact_with_furnace":9,"minecraft:sprint_one_cm":47886,"minecraft:damage_taken":285,"minecraft:walk_one_cm":52044,"minecraft:mob_kills":6,"minecraft:damage_dealt":830,"minecraft:interact_with_crafting_table":4,"minecraft:fly_one_cm":28370,"minecraft:open_chest":1,"minecraft:crouch_one_cm":920,"minecraft:play_time":15917,"minecraft:sneak_time":375,"minecraft:jump":192,"minecraft:eat_cake_slice":5,"minecraft:leave_game":2,"minecraft:time_since_death":15917,"minecraft:total_world_time":15917,"minecraft:fall_one_cm":7007},"minecraft:picked_up":{"minecraft:stick":4,"minecraft:crafting_table":1,"minecraft:feather":2,"minecraft:leather":8,"minecraft:oak_log":5,"minecraft:string":3,"minecraft:spider_eye":1,"minecraft:dirt":19,"minecraft:cooked_mutton":2,"minecraft:iron_shovel":1,"minecraft:beef":9,"minecraft:oak_sapling":2,"minecraft:iron_bars":2,"minecraft:coal":19,"minecraft:cobblestone":10},"minecraft:mined":{"treechop:chopped_log":1,"minecraft:crafting_table":1,"minecraft:grass_block":3,"minecraft:coal_ore":19,"minecraft:iron_bars":2,"minecraft:dirt":16,"minecraft:stone":10,"minecraft:oak_leaves":1}},"DataVersion":3465}