{"stats":{"minecraft:dropped":{"minecraft:oak_log":15,"minecraft:cobblestone":6},"minecraft:used":{"minecraft:wooden_axe":45,"minecraft:apple":3,"minecraft:iron_bars":1,"minecraft:bricks":1,"minecraft:stone_pickaxe":16,"minecraft:iron_pickaxe":1,"minecraft:spruce_planks":1,"minecraft:wooden_pickaxe":10,"minecraft:crafting_table":1,"minecraft:furnace":1},"minecraft:crafted":{"minecraft:crafting_table":1,"minecraft:spruce_planks":16,"minecraft:stick":4,"minecraft:iron_ingot":4,"minecraft:wooden_pickaxe":1,"minecraft:iron_pickaxe":1,"minecraft:stone_pickaxe":1,"minecraft:wooden_axe":1,"minecraft:furnace":1,"minecraft:air":0},"minecraft:custom":{"minecraft:time_since_rest":10787,"minecraft:interact_with_furnace":10,"minecraft:sprint_one_cm":21207,"minecraft:damage_taken":106,"minecraft:walk_one_cm":22261,"minecraft:drop":2,"minecraft:interact_with_crafting_table":8,"minecraft:fly_one_cm":8905,"minecraft:open_chest":3,"minecraft:crouch_one_cm":1193,"minecraft:play_time":10787,"minecraft:sneak_time":549,"minecraft:jump":57,"minecraft:time_since_death":10787,"minecraft:total_world_time":10787,"minecraft:fall_one_cm":896},"minecraft:picked_up":{"minecraft:stick":22,"minecraft:raw_iron":4,"minecraft:wooden_pickaxe":1,"minecraft:oak_log":58,"minecraft:spruce_log":4,"minecraft:polished_granite":1,"minecraft:apple":4,"minecraft:oak_sapling":37,"minecraft:coal":4,"minecraft:birch_sapling":1,"minecraft:bricks":2,"minecraft:iron_bars":2,"minecraft:cobblestone":17,"minecraft:furnace":1},"minecraft:mined":{"minecraft:furnace":1,"minecraft:iron_ore":4,"minecraft:spruce_log":4,"minecraft:polished_granite":1,"treechop:chopped_log":6,"minecraft:crafting_table":1,"minecraft:oak_log":1,"minecraft:iron_bars":2,"minecraft:stone":17,"minecraft:bricks":2}},"DataVersion":3465}