{"stats":{"minecraft:killed":{"minecraft:zombie":3,"minecraft:spider":1},"minecraft:dropped":{"minecraft:oak_log":15,"minecraft:cobblestone":6,"minecraft:apple":2},"minecraft:used":{"minecraft:oak_log":6,"minecraft:wooden_axe":45,"minecraft:stone_sword":11,"minecraft:apple":8,"minecraft:iron_bars":1,"minecraft:bricks":1,"minecraft:stone_pickaxe":16,"minecraft:oak_planks":2,"minecraft:iron_pickaxe":8,"minecraft:spruce_planks":1,"minecraft:wooden_pickaxe":27,"minecraft:stone_axe":133,"minecraft:crafting_table":1,"minecraft:furnace":1},"minecraft:crafted":{"minecraft:oak_planks":24,"minecraft:crafting_table":1,"minecraft:spruce_planks":16,"minecraft:stick":12,"minecraft:iron_ingot":4,"minecraft:wooden_pickaxe":2,"minecraft:iron_pickaxe":1,"minecraft:stone_pickaxe":2,"minecraft:wooden_axe":1,"minecraft:stone_sword":1,"minecraft:furnace":1,"minecraft:stone_axe":1,"minecraft:air":0},"minecraft:broken":{"minecraft:stone_axe":1},"minecraft:custom":{"minecraft:time_since_rest":9422,"minecraft:interact_with_furnace":10,"minecraft:sprint_one_cm":63370,"minecraft:damage_taken":806,"minecraft:walk_one_cm":66058,"minecraft:mob_kills":5,"minecraft:drop":4,"minecraft:damage_dealt":380,"minecraft:player_kills":1,"minecraft:interact_with_crafting_table":12,"minecraft:fly_one_cm":38444,"minecraft:open_chest":3,"minecraft:crouch_one_cm":2877,"minecraft:play_time":24603,"minecraft:deaths":2,"minecraft:sneak_time":1308,"minecraft:jump":264,"minecraft:leave_game":1,"minecraft:time_since_death":9397,"minecraft:total_world_time":24603,"minecraft:fall_one_cm":13132},"minecraft:picked_up":{"minecraft:birch_log":37,"minecraft:crafting_table":1,"minecraft:stick":60,"minecraft:raw_iron":4,"minecraft:wooden_pickaxe":1,"minecraft:golden_chestplate":1,"gravestone:obituary":1,"minecraft:oak_log":138,"minecraft:string":1,"minecraft:spider_eye":1,"minecraft:spruce_log":4,"minecraft:dirt":10,"minecraft:polished_granite":1,"minecraft:rotten_flesh":2,"minecraft:apple":13,"minecraft:oak_sapling":101,"minecraft:coal":4,"minecraft:birch_sapling":11,"minecraft:bricks":2,"minecraft:iron_bars":2,"minecraft:cobblestone":26,"minecraft:furnace":1},"minecraft:mined":{"minecraft:furnace":1,"minecraft:iron_ore":4,"minecraft:spruce_log":4,"minecraft:polished_granite":1,"treechop:chopped_log":29,"minecraft:crafting_table":1,"minecraft:grass":2,"minecraft:grass_block":3,"minecraft:oak_log":1,"minecraft:iron_bars":2,"minecraft:dirt":7,"minecraft:stone":26,"minecraft:bricks":2,"minecraft:oak_leaves":1}},"DataVersion":3465}