{"stats":{"minecraft:killed":{"minecraft:skeleton":1,"minecraft:spider":1},"minecraft:dropped":{"minecraft:glass_bottle":1,"minecraft:potion":1,"gravestone:obituary":1,"minecraft:apple":2,"psychadelic:morning_glory_seeds":1,"minecraft:cooked_mutton":2,"minecraft:iron_shovel":1,"minecraft:coal":4},"minecraft:used":{"minecraft:diorite":1,"minecraft:iron_bars":1,"minecraft:stone_sword":14,"minecraft:leather_helmet":1,"minecraft:wooden_pickaxe":16,"minecraft:polished_granite":1,"minecraft:stone_axe":3,"minecraft:torch":5,"minecraft:crafting_table":1,"minecraft:cooked_rabbit":3,"alexsmobs:animal_dictionary":1},"minecraft:crafted":{"minecraft:oak_planks":60,"minecraft:crafting_table":1,"minecraft:stick":4,"minecraft:stone_sword":1,"minecraft:stone_axe":1},"minecraft:broken":{"minecraft:leather_helmet":1},"minecraft:custom":{"minecraft:time_since_rest":3242,"minecraft:interact_with_furnace":2,"minecraft:sprint_one_cm":61918,"minecraft:damage_taken":475,"minecraft:walk_one_cm":144772,"minecraft:mob_kills":2,"minecraft:drop":9,"minecraft:damage_dealt":574,"minecraft:interact_with_crafting_table":3,"minecraft:fly_one_cm":25363,"minecraft:open_chest":6,"minecraft:crouch_one_cm":520,"minecraft:play_time":23548,"minecraft:deaths":1,"minecraft:sneak_time":159,"minecraft:walk_under_water_one_cm":1088,"minecraft:jump":224,"minecraft:eat_cake_slice":2,"minecraft:leave_game":1,"minecraft:time_since_death":3213,"minecraft:walk_on_water_one_cm":3210,"minecraft:climb_one_cm":844,"minecraft:total_world_time":23548,"minecraft:fall_one_cm":5214},"minecraft:picked_up":{"minecraft:birch_log":7,"minecraft:stick":9,"psychadelic:morning_glory_seeds":1,"minecraft:oak_log":24,"minecraft:diorite":5,"minecraft:string":2,"minecraft:red_bed":1,"minecraft:leather_helmet":1,"minecraft:polished_granite":1,"minecraft:bone":3,"minecraft:apple":4,"minecraft:glass_bottle":1,"minecraft:coal_block":2,"minecraft:birch_sapling":7,"minecraft:iron_bars":2,"minecraft:cobblestone":8},"minecraft:killed_by":{"minecraft:player":1},"minecraft:mined":{"minecraft:red_bed":1,"minecraft:polished_granite":1,"treechop:chopped_log":1,"gravestone:gravestone":1,"minecraft:grass":1,"minecraft:iron_bars":2,"minecraft:coal_block":2,"minecraft:stone":3,"minecraft:diorite":5,"psychadelic:morning_glory_plant":1,"minecraft:spawner":1}},"DataVersion":3465}