{"stats":{"minecraft:dropped":{"minecraft:cooked_mutton":2,"minecraft:iron_shovel":1,"minecraft:coal":4},"minecraft:used":{"minecraft:iron_bars":1,"alexsmobs:animal_dictionary":1,"minecraft:wooden_pickaxe":2},"minecraft:crafted":{"minecraft:stone_sword":1,"minecraft:oak_planks":60,"minecraft:stick":4},"minecraft:custom":{"minecraft:open_chest":3,"minecraft:time_since_rest":11548,"minecraft:crouch_one_cm":437,"minecraft:sprint_one_cm":9045,"minecraft:interact_with_furnace":2,"minecraft:play_time":11548,"minecraft:damage_taken":30,"minecraft:walk_one_cm":71234,"minecraft:sneak_time":145,"minecraft:drop":3,"minecraft:jump":57,"minecraft:eat_cake_slice":2,"minecraft:damage_dealt":13,"minecraft:leave_game":1,"minecraft:time_since_death":11548,"minecraft:total_world_time":11548,"minecraft:interact_with_crafting_table":2,"minecraft:fall_one_cm":2059,"minecraft:fly_one_cm":2938},"minecraft:picked_up":{"minecraft:oak_log":15,"minecraft:iron_bars":1,"minecraft:cobblestone":6,"minecraft:red_bed":1},"minecraft:mined":{"minecraft:grass":1,"minecraft:iron_bars":1,"minecraft:red_bed":1}},"DataVersion":3465}